{
  "strips": [
    {
      "id": 2461865209760647142,
      "universe": 2,
      "start_channel": 1,
      "pixel_count": 129,
      "x": 0.053057157,
      "y": 0.72580415,
      "spacing": 0.01,
      "rotation": 0.0
    },
    {
      "id": 8832829308603891304,
      "universe": 1,
      "start_channel": 1,
      "pixel_count": 50,
      "x": 0.12910157,
      "y": 0.86351115,
      "spacing": 0.01,
      "rotation": 0.0
    }
  ],
  "masks": [
    {
      "id": 6640953581399657906,
      "mask_type": "scanner",
      "x": 0.53758353,
      "y": 0.68292296,
      "params": {
        "phase_offset": 0.9300000000000002,
        "gradient_colors": [
          [
            255,
            0,
            0
          ],
          [
            0,
            255,
            203
          ],
          [
            224,
            0,
            255
          ],
          [
            0,
            83,
            255
          ]
        ],
        "bar_width": 0.2,
        "color2": [
          244,
          0,
          0
        ],
        "sync": true,
        "rate": "1 Bar",
        "width": 1.3025426864624023,
        "height": 0.784212052822113,
        "motion": "Linear",
        "color": [
          255,
          0,
          0
        ],
        "start_pos": "Center",
        "color_mode": "static",
        "speed": 3.700000047683716
      }
    },
    {
      "id": 4779436958729287665,
      "mask_type": "radial",
      "x": -0.23285769,
      "y": 0.005819274,
      "params": {
        "radius": 0.7153847813606262,
        "color": [
          255,
          0,
          0
        ]
      }
    }
  ],
  "bind_address": null,
  "mode": "",
  "effect": ""
}